"","Ent","Entidad","Fecha de Datos","Ppto Aprobado","Crédito Vigente","Comprometido","Devengado","Pagado","Saldo por Pagar","Deuda Flotante"
"1",1101,"Municipalidad de Sucre",2011-12-31,462179543,648465602.8,294553454.89,294553454.89,290030562.07,0,4522892.82
"2",1102,"Municipalidad de Yotala",2011-12-31,18062314,25980012.01,16370072.48,14983195.55,14930775.52,1386876.93,52420.03
"3",1103,"Municipalidad de Poroma",2011-12-31,21506168,28816547.6,20971169.15,20971169.15,20452757.36,0,518411.79
"4",1104,"Municipalidad de Villa Azurduy",2011-12-31,16799960,23231661.2,16065566.59,16065566.59,13433366.24,0,2632200.35
"5",1105,"Municipalidad de Tarvita (Villa Orías)",2011-12-31,21053461,32312095.47,25727569.62,25727569.62,25509972.27,0,217597.35
"6",1106,"Municipalidad de Villa Zudañez (Tacopaya)",2011-12-31,15764272,19677228.67,12425648.7,12425648.7,11597051.17,0,828597.53
"7",1107,"Municipalidad de Presto",2011-12-31,28827966,24934896.51,18648862.03,18383586.62,18379112.64,265275.41,4473.98
"8",1108,"Municipalidad de Villa Mojocoya",2011-12-31,12252546,17052655.95,10169543.55,10169543.55,9722930.41,0,446613.14
"9",1109,"Municipalidad de Icla",2011-12-31,19709345,26268944,12233843.23,12146677.23,11960176.82,87166,186500.41
"10",1110,"Municipalidad de Padilla",2011-12-31,19458790,27978239.26,18542121.99,18542121.99,18312125.62,0,229996.37
"11",1111,"Municipalidad de Tomina",2011-12-31,11812637,19122540.84,16169320.08,16169320.08,13192179.76,0,2977140.32
"12",1112,"Municipalidad de Sopachuy",2011-12-31,12846566,17155146,12874896.08,12874896.08,11571333.37,0,1303562.71
"13",1113,"Municipalidad de Villa Alcalá",2011-12-31,6835153,10782844.34,6644305.65,5747499.97,5705575.89,896805.68,41924.08
"14",1114,"Municipalidad de El Villar",2011-12-31,6245718,9884252.46,6123458.46,6123458.46,6016739.86,0,106718.6
"15",1115,"Municipalidad de Monteagudo",2011-12-31,38078755,61824835.74,41015511.85,41015511.85,39730223.06,0,1285288.79
"16",1116,"Municipalidad de San Pablo de Huacareta",2011-12-31,11642218,20829869.15,13154263.52,13154263.52,12685944.27,0,468319.25
"17",1117,"Municipalidad de Tarabuco",2011-12-31,24318261,40105660.39,27188850.87,27188850.87,27182647.17,0,6203.7
"18",1118,"Municipalidad de Yamparáez",2011-12-31,17695489,24636521.47,18418602.2,18352142.86,16530193.66,66459.34,1821949.2
"19",1119,"Municipalidad de Camargo",2011-12-31,18272601,35972537.72,18362025.23,18329457.33,16710901.47,32567.9,1618555.86
"20",1120,"Municipalidad de San Lucas",2011-12-31,44326197,67624128,54344520.51,54344520.51,47166081.5,0,7178439.01
"21",1121,"Municipalidad de Incahuasi",2011-12-31,15566829,24616839.17,15673382.19,15673382.19,15015940.81,0,657441.38
"22",1122,"Municipalidad de Villa Serrano",2011-12-31,16317799,23874167.48,19777225.26,19777225.26,16339535.79,0,3437689.47
"23",1123,"Municipalidad de Camataqui (Villa Abecia)",2011-12-31,5897578,10088961,7914600.49,7914600.49,7137496.96,0,777103.53
"24",1124,"Municipalidad de Culpina",2011-12-31,27127812,35205238.95,28965090.7,28965090.7,28329679.17,0,635411.53
"25",1125,"Municipalidad de Las Carreras",2011-12-31,6816056,8902862.55,1481929.85,1481929.85,1435901,0,46028.85
"26",1126,"Municipalidad de Villa Vaca Guzmán",2011-12-31,12698416,28483112.46,18008847.65,18008847.65,17915019.61,0,93828.04
"27",1127,"Municipalidad de Villa de Huacaya",2011-12-31,2964839,6220846.98,4632265.74,4632265.74,4610668.3,0,21597.44
"28",1128,"Municipalidad de Machareti",2011-12-31,13350873,19607857.83,11024793.48,11024793.48,10666290.2,0,358503.28
"29",1129,"Municipalidad de Villa Charcas",2011-12-31,15316244,22875132,14075103.64,14075103.64,13832214.88,0,242888.76
"30",1201,"Municipalidad de La Paz",2011-12-31,1551143755,1877731321,1355124260.79,1355124260.79,1240804843.24,0,114319417.55
"31",1202,"Municipalidad de Palca",2011-12-31,18517033,21666979,9299085.97,9299085.97,8248733.28,0,1050352.69
"32",1203,"Municipalidad de Mecapaca",2011-12-31,10472602,17899974,3463065,3463065,2681815.95,0,781249.05
"33",1204,"Municipalidad de Achocalla",2011-12-31,15696461,26500895,16609217.38,16609217.38,15037216.96,0,1572000.42
"34",1205,"Municipalidad de El Alto de La Paz",2011-12-31,1319890817,1595673268,829736462.89,829736462.89,772036502.95,0,57699959.94
"35",1206,"Municipalidad de Viacha",2011-12-31,80506552,102542088.7,60760318.78,56808821.84,56198535.66,3951496.94,610286.18
"36",1207,"Municipalidad de Guaqui",2011-12-31,6444792,9513911.45,6785317.34,6785317.34,6673177.07,0,112140.27
"37",1208,"Municipalidad de Tiahuanacu",2011-12-31,10030914,29950368,20556471.89,20556471.89,19624649.56,0,931822.33
"38",1209,"Municipalidad de Desaguadero",2011-12-31,4408872,7618259,5965168.53,5904911.96,5426863.3,60256.57,478048.66
"39",1210,"Municipalidad de Caranavi",2011-12-31,41991700,87022364,35484024.32,35484024.32,34457699.91,0,1026324.41
"40",1211,"Municipalidad de Sica Sica (Villa Aroma)",2011-12-31,21668686,29155806.13,23648124.81,23648124.81,22666638.68,0,981486.13
"41",1212,"Municipalidad de Umala",2011-12-31,7901823,13231784,7273818.55,7273818.55,7157890.35,0,115928.2
"42",1213,"Municipalidad de Ayo Ayo",2011-12-31,7544083,10529767.65,5073870.66,5073870.66,5055203.96,0,18666.7
"43",1214,"Municipalidad de Calamarca",2011-12-31,10741301,17120533.38,10716720.51,10716720.51,10371886.96,0,344833.55
"44",1215,"Municipalidad de Patacamaya",2011-12-31,24408584,26067738.08,22838365.44,22838365.44,17559621.8,0,5278743.64
"45",1216,"Municipalidad de Colquencha",2011-12-31,6550333,11167862.88,5155582.14,5155582.14,4723062.83,0,432519.31
"46",1217,"Municipalidad de Collana",2011-12-31,2990763,4389010,2416891.45,2416891.45,2276669.59,0,140221.86
"47",1218,"Municipalidad de Inquisivi",2011-12-31,20349724,31614439.99,21257268.7,20876650.62,20498275.76,380618.08,378374.86
"48",1219,"Municipalidad de Quime",2011-12-31,8182475,11260067,9084263.52,8911727.62,8911622.62,172535.9,105
"49",1220,"Municipalidad de Cajuata",2011-12-31,6336032,14213178.7,9777335.21,9777335.21,9042674.69,0,734660.52
"50",1221,"Municipalidad de Colquiri",2011-12-31,15359712,48367278.94,28611718.52,28611718.52,25865203.45,0,2746515.07
"51",1222,"Municipalidad de Ichoca",2011-12-31,6213729,11042585.28,5169803.19,5169803.19,5048362.83,0,121440.36
"52",1223,"Municipalidad de Licoma Pampa",2011-12-31,2180095,4986559.39,3479657.94,3479657.94,3337572.43,0,142085.51
"53",1224,"Municipalidad de Achacachi",2011-12-31,44636406,105103869,67247264.7,62374873.96,53967376.12,4872390.74,8407497.84
"54",1225,"Municipalidad de Ancoraimes",2011-12-31,14581375,22585465,14144379.2,14144379.2,13086283.88,0,1058095.32
"55",1226,"Municipalidad de Sorata",2011-12-31,16250706,32327868.88,12737175.71,12737175.71,12737175.71,0,0
"56",1227,"Municipalidad de Guanay",2011-12-31,12554703,17324113.61,9047836.45,9028226.94,8115463.33,19609.51,912763.61
"57",1228,"Municipalidad de Tacacoma",2011-12-31,5209350,8057322.34,5415479.36,5415479.36,5324059.53,0,91419.83
"58",1229,"Municipalidad de Tipuani",2011-12-31,8450389,11239959.83,8140782.67,8140782.67,8020488.15,0,120294.52
"59",1230,"Municipalidad de Quiabaya",2011-12-31,2536901,4030239.09,3221474.66,3221474.66,3148892.92,0,72581.74
"60",1231,"Municipalidad de Combaya",2011-12-31,2211455,3866163.65,2296506.89,2296506.89,2236531.33,0,59975.56
"61",1232,"Municipalidad de Copacabana",2011-12-31,14072820,22668973.4,14650383.78,14650383.78,14152097.2,0,498286.58
"62",1233,"Municipalidad de San Pedro de Tiquina",2011-12-31,4816314,8464397.48,2854896.23,2854896.23,2498766.22,0,356130.01
"63",1234,"Municipalidad de Tito Yupanqui",2011-12-31,1819153,3682264.47,2721939.05,2721939.05,2603589.1,0,118349.95
"64",1235,"Municipalidad de Chuma",2011-12-31,16525579,27659629,15480154.34,15468285.05,13846565.29,11869.29,1621719.76
"65",1236,"Municipalidad de Ayata",2011-12-31,6622226,10974942.69,7038393,7038393,6823070.49,0,215322.51
"66",1237,"Municipalidad de Aucapata",2011-12-31,3493060,6466974,4127938.77,4121938.77,3860901.05,6000,261037.72
"67",1238,"Municipalidad de Corocoro",2011-12-31,16382843,32634877.05,17123818.83,17123818.83,16636175.9,0,487642.93
"68",1239,"Municipalidad de Caquiaviri",2011-12-31,9521220,18003591.01,10713838.84,10713838.84,9432341.48,0,1281497.36
"69",1240,"Municipalidad de Calacoto",2011-12-31,8026664,17078296.07,10559003.04,9734146.98,9392849.47,824856.06,341297.51
"70",1241,"Municipalidad de Comanche",2011-12-31,3150795,6216496.63,2634950.7,2634950.7,2577808.57,0,57142.13
"71",1242,"Municipalidad de Charaña",2011-12-31,2916298,4995073.08,2086948.08,2086948.08,2086948.08,0,0
"72",1243,"Municipalidad de Waldo Ballivián",2011-12-31,1366354,2783931.61,2005259.86,2005259.86,1988406.57,0,16853.29
"73",1244,"Municipalidad de Nazacara de Pacajes",2011-12-31,222385,718384.32,352824.94,352824.94,348075.89,0,4749.05
"74",1245,"Municipalidad de Santiago de Callapa",2011-12-31,7263719,11186567.1,7564645.5,7564645.5,7051260.61,0,513384.89
"75",1246,"Municipalidad de Puerto Acosta",2011-12-31,11965840,27365882.78,14625412.51,14625412.51,14240165.56,0,385246.95
"76",1247,"Municipalidad de Mocomoco",2011-12-31,15620670,29512357.59,16075542.34,16075542.34,15673466.15,0,402076.19
"77",1248,"Municipalidad de Carabuco",2011-12-31,11954415,18348893.65,10162930.11,10162930.11,9592683.31,0,570246.8
"78",1249,"Municipalidad de Apolo",2011-12-31,14408396,24888414,14411536.73,14411536.73,13994032.15,0,417504.58
"79",1250,"Municipalidad de Pelechuco",2011-12-31,4416428,8167311.79,5078095.2,5078095.2,5057695.31,0,20399.89
"80",1251,"Municipalidad de Luribay",2011-12-31,10140486,14263383.97,9696251.74,9696251.74,9335848.06,0,360403.68
"81",1252,"Municipalidad de Sapahaqui",2011-12-31,13037222,19094737.34,9958134.49,9868357.05,9445766.44,89777.44,422590.61
"82",1253,"Municipalidad de Yaco",2011-12-31,6761551,13412203,6686956,6686956,6480353.85,0,206602.15
"83",1254,"Municipalidad de Malla",2011-12-31,3079349,14970790.64,3417908.45,3417908.45,3387998.06,0,29910.39
"84",1255,"Municipalidad de Cairoma",2011-12-31,8872885,16433256.59,13438322.69,13438322.69,11498504.79,0,1939817.9
"85",1256,"Municipalidad de Chulumani (Villa de la Libertad)",2011-12-31,20599863,25856818,9960603.82,9960603.82,9296434.34,0,664169.48
"86",1257,"Municipalidad de Irupana (Villa de Lanza)",2011-12-31,9727679,26450842.08,16000555.66,16000555.66,15820931.42,0,179624.24
"87",1258,"Municipalidad de Yanacachi",2011-12-31,3724567,8252746.48,4675386.99,4675386.99,4518039.05,0,157347.94
"88",1259,"Municipalidad de Palos Blancos",2011-12-31,15321334,36005306,18857023.46,18857023.46,18385686.88,0,471336.58
"89",1260,"Municipalidad de La Asunta",2011-12-31,14743871,30614396.54,15666867.12,15666867.12,15490194.01,0,176673.11
"90",1261,"Municipalidad de Pucarani",2011-12-31,20273008,32083677.98,19628254.08,19628254.08,19259091.93,0,369162.15
"91",1262,"Municipalidad de Laja",2011-12-31,20611989,32364094.9,13927785.18,13125475.92,12465341.32,802309.26,660134.6
"92",1263,"Municipalidad de Batallas",2011-12-31,17956163,28788049.89,12129578.51,12103778.51,11156226.24,25800,947552.27
"93",1264,"Municipalidad de Puerto Pérez",2011-12-31,7992565,12714021,9278640.6,9278640.6,9041009.33,0,237631.27
"94",1265,"Municipalidad de Coroico",2011-12-31,11682394,26059721,19417045.05,19417045.05,18348017.67,0,1069027.38
"95",1266,"Municipalidad de Coripata",2011-12-31,9222160,18029578.01,11184600.71,11184600.71,10888144.63,0,296456.08
"96",1267,"Municipalidad de Ixiamas",2011-12-31,6760327,8195737,1263431.01,1263431.01,279873.87,0,983557.14
"97",1268,"Municipalidad de San Buenaventura",2011-12-31,6043801,7629821,6431049.47,6427509.47,6394925.11,3540,32584.36
"98",1269,"Municipalidad de General Juan José Pérez (Charazani)",2011-12-31,9102962,15370021.21,5026502.6,5026502.6,4305144.64,0,721357.96
"99",1270,"Municipalidad de Curva",2011-12-31,1986468,3261254.45,2175115.25,2175115.25,2106533.87,0,68581.38
"100",1271,"Municipalidad de San Pedro de Curahuara",2011-12-31,8434318,12325987.14,3382607.1,3382607.1,3295890.18,0,86716.92
"101",1272,"Municipalidad de Papel Pampa",2011-12-31,5531712,11284741.81,6565730.3,6565730.3,6417729.3,0,148001
"102",1273,"Municipalidad de Chacarilla",2011-12-31,1384198,2427644.87,1981062.45,1981062.45,1957509.02,0,23553.43
"103",1274,"Municipalidad de Santiago de Machaca",2011-12-31,3528737,5598882.12,3787242.33,3787242.33,3617966.43,0,169275.9
"104",1275,"Municipalidad de Catacora",2011-12-31,1374406,2554856.27,1254735.11,1254735.11,1207375.7,0,47359.41
"105",1276,"Municipalidad de Mapiri",2011-12-31,13787313,18500350.69,12058395.58,12058395.58,11863631.25,0,194764.33
"106",1277,"Municipalidad de Teoponte",2011-12-31,9211415,14630499.07,10306262.08,10306262.08,10196535.68,0,109726.4
"107",1278,"Municipalidad de San Andrés de Machaca",2011-12-31,5865430,10561518.22,6389295.85,6389295.85,6306014.06,0,83281.79
"108",1279,"Municipalidad de Jesús de Machaca",2011-12-31,10675133,20880980.06,12980900.04,12980900.04,11966755.66,0,1014144.38
"109",1280,"Municipalidad de Taraco",2011-12-31,7259961,10590201.66,5899769.74,5899769.74,5877579.71,0,22190.03
"110",1281,"Municipalidad de Huarina",2011-12-31,6641174,18641148,14765314.15,12212788.81,11701879.69,2552525.34,510909.12
"111",1282,"Municipalidad de Santiago de Huata",2011-12-31,9210162,13244733.98,6409768.37,6409768.37,6271238.62,0,138529.75
"112",1283,"Municipalidad de Escoma",2011-12-31,5009747,11084310.08,6999479.01,6999479.01,6807563.65,0,191915.36
"113",1284,"Municipalidad de Humanata",2011-12-31,4362178,7187436.84,4922642.01,4733385.01,4671798.65,189257,61586.36
"114",1285,"Municipalidad de Alto Beni",2011-12-31,9271460,15137171.48,12166341.49,12166171.49,11478348.53,170,687822.96
"115",1301,"Municipalidad de Cochabamba",2011-12-31,895196417,1193448259,734550888.51,734550888.51,678647297.02,0,55903591.49
"116",1302,"Municipalidad de Quillacollo",2011-12-31,124236598,243141872.18,124260960.79,120387861.61,109942211.06,3873099.18,10445650.55
"117",1303,"Municipalidad de Sipe Sipe",2011-12-31,28150083,47326568,34905899.83,34893084.42,32268656.91,12815.41,2624427.51
"118",1304,"Municipalidad de Tiquipaya",2011-12-31,42265377,63760946.38,48541433.65,48296198.6,44823849.42,245235.05,3472349.18
"119",1305,"Municipalidad de Vinto",2011-12-31,28646632,57449806.19,38258217.05,38258217.05,36581406.13,0,1676810.92
"120",1306,"Municipalidad de Colcapirhua",2011-12-31,44029067,76251889,49115894.2,47415499.79,46326867.62,1700394.41,1088632.17
"121",1307,"Municipalidad de Aiquile",2011-12-31,31000955,67686596.83,32315910.38,31270610.23,30279334.06,1045300.15,991276.17
"122",1308,"Municipalidad de Pasorapa",2011-12-31,4212393,8070383,5733225.4,5733225.4,5519055.73,0,214169.67
"123",1309,"Municipalidad de Omereque",2011-12-31,6695601,10452527.4,6155656.38,6155656.38,5974076.96,0,181579.42
"124",1310,"Gobierno Autónomo Municipal de Independencia",2011-12-31,29215743,45272042.71,37036827.23,37036827.23,32832867.49,0,4203959.74
"125",1311,"Municipalidad de Morochata",2011-12-31,29693436,44398702.98,27185105.57,27185105.57,23899702.85,0,3285402.72
"126",1312,"Municipalidad de Sacaba",2011-12-31,132117568,254873003.33,142218935.18,137709650.56,129144254.2,4509284.62,8565396.36
"127",1313,"Municipalidad de Colomi",2011-12-31,18023882,30672198.2,19502676.48,18268455.29,17850106.27,1234221.19,418349.02
"128",1314,"Municipalidad de Villa Tunari",2011-12-31,63034428,158463601.47,91433484.19,91433484.19,85014602.53,0,6418881.66
"129",1315,"Municipalidad de Punata",2011-12-31,26341993,41345504.16,30005880.09,30005880.09,28741338.02,0,1264542.07
"130",1316,"Municipalidad de Villa Rivero",2011-12-31,5047680,8183722.66,6637429.86,6637429.86,6450998.57,0,186431.29
"131",1317,"Municipalidad de San Benito (Villa José Quintín Mendoza)",2011-12-31,10505923,18112876.33,12203914.05,12203914.05,11681805.94,0,522108.11
"132",1318,"Municipalidad de Tacachi",2011-12-31,919804,2640749.1,1544586.75,926055.05,918051.24,618531.7,8003.81
"133",1319,"Gobierno Autónomo Municipal Villa Gualberto Villarroel",2011-12-31,1797355,4103660.71,875701.78,875701.78,500666.74,0,375035.04
"134",1320,"Municipalidad de Tarata",2011-12-31,10728067,17779250.72,12967659.48,12967659.48,12101898.8,0,865760.68
"135",1321,"Municipalidad de Anzaldo",2011-12-31,9158433,16125158.91,9916900,9916900,9263016.83,0,653883.17
"136",1322,"Municipalidad de Arbieto",2011-12-31,8734120,18739799,14141822.86,14136922.85,11232508.83,4900.01,2904414.02
"137",1323,"Municipalidad de Sacabamba",2011-12-31,4115875,8259130.46,4300438.4,4300438.4,4097080.95,0,203357.45
"138",1324,"Municipalidad de Cliza",2011-12-31,26763598,35715794.47,27740988.57,27740903.57,25535834.35,85,2205069.22
"139",1325,"Municipalidad de Toco",2011-12-31,6610375,23481931.66,12423418.15,12423418.15,12164139.31,0,259278.84
"140",1326,"Municipalidad de Tolata",2011-12-31,6064399,10244333.88,8063062.09,8063062.09,7812936.88,0,250125.21
"141",1327,"Municipalidad de Capinota",2011-12-31,18139778,26882730.44,18023913.27,17575919.82,16824836.62,447993.45,751083.2
"142",1328,"Municipalidad de Santivañez",2011-12-31,6308645,10790620.68,7270147.04,6282797.55,6072179.97,987349.49,210617.58
"143",1329,"Municipalidad de Sicaya",2011-12-31,2446073,5120390,3153190.64,3153190.64,3019479.52,0,133711.12
"144",1330,"Municipalidad de Tapacari",2011-12-31,29643825,38117120.07,33100209.19,32474842.54,30318669.98,625366.65,2156172.56
"145",1331,"Municipalidad de Totora",2011-12-31,12899783,21670718.77,14371559.88,14371559.88,13596629.63,0,774930.25
"146",1332,"Municipalidad de Pojo",2011-12-31,10696987,18046996.88,13466663.57,13466663.57,13368783.58,0,97879.99
"147",1333,"Municipalidad de Pocona",2011-12-31,11383796,21034971.96,17123272.75,17123272.75,16323032,0,800240.75
"148",1334,"Municipalidad de Chimoré",2011-12-31,14348076,46979702.21,34742568.87,27550072.82,24590482.75,7192496.05,2959590.07
"149",1335,"Municipalidad de Puerto Villarroel",2011-12-31,35664654,79792288.03,46870161.31,46870161.31,46094358.89,0,775802.42
"150",1336,"Municipalidad de Arani",2011-12-31,10266960,19513696.43,11935868.07,11935868.07,11210942.76,0,724925.31
"151",1337,"Municipalidad de Vacas",2011-12-31,11323418,24969104.69,18314723.62,17611469.84,17145320.31,703253.78,466149.53
"152",1338,"Municipalidad de Arque",2011-12-31,15787163,20611589.53,14237941.05,14237941.05,13507074.45,0,730866.6
"153",1339,"Municipalidad de Tacopaya",2011-12-31,13421521,20738587.68,13715842.57,13676424.9,13044902.88,39417.67,631522.02
"154",1340,"Municipalidad de Bolivar",2011-12-31,10624274,14089556,11763261.04,11763261.04,11744613.76,0,18647.28
"155",1341,"Municipalidad de Tiraque",2011-12-31,17061964,31491256.61,21033449.43,20496214.58,20170640.07,537234.85,325574.51
"156",1342,"Municipalidad de Mizque",2011-12-31,24704863,49777385.46,33284265.56,33283513.56,32990829.46,752,292684.1
"157",1343,"Municipalidad de Vila Vila",2011-12-31,4642109,7755180,4731215.26,4706412.86,4582575.46,24802.4,123837.4
"158",1344,"Municipalidad de Alalay",2011-12-31,4967329,9112247.83,5227398.18,5227398.18,5077184.07,0,150214.11
"159",1345,"Municipalidad de Entre Rios",2011-12-31,21044709,58754050.9,43284885.19,33781477.85,32365867.82,9503407.34,1415610.03
"160",1346,"Municipalidad de Cocapata",2011-12-31,17674541,27586177.83,18375196.19,18375196.19,17982335.76,0,392860.43
"161",1347,"Municipalidad de Shinahota",2011-12-31,16676987,57317120.59,39193259.91,39193259.91,38832308.82,0,360951.09
"162",1401,"Municipalidad de Oruro",2011-12-31,424555624,539338826,316252324.13,315737467.4,278790747.91,514856.73,36946719.49
"163",1402,"Municipalidad de Caracollo",2011-12-31,30905036,54011592.09,43381132.61,43381132.61,34452421.38,0,8928711.23
"164",1403,"Municipalidad de El Choro",2011-12-31,7482755,12609456.96,5999202.83,5999202.83,5946405.85,0,52796.98
"165",1404,"Municipalidad de Challapata",2011-12-31,38084620,56169576.34,32787241.25,32787241.25,32636337.82,0,150903.43
"166",1405,"Municipalidad de Santuario de Quillacas",2011-12-31,6722119,9404309.07,7562192.65,7562192.65,7531936.16,0,30256.49
"167",1406,"Municipalidad de Huanuni",2011-12-31,32866973,81860937.31,47010022.07,47010022.07,34273491.38,0,12736530.69
"168",1407,"Municipalidad de Machacamarca",2011-12-31,5637440,9683517.19,6754693.11,6754693.11,5989836.03,0,764857.08
"169",1408,"Municipalidad de Poopó (Villa Poopó)",2011-12-31,12639911,18087230.23,13410556.62,13410556.62,10900397.95,0,2510158.67
"170",1409,"Municipalidad de Pazña",2011-12-31,9955346,15086964,6738432.51,6738432.51,6382759.8,0,355672.71
"171",1410,"Municipalidad de Antequera",2011-12-31,8205280,19075201.59,4160471.59,4160471.59,4054248.01,0,106223.58
"172",1411,"Municipalidad de Eucaliptus",2011-12-31,7475095,11659314.72,6545608.71,6545608.71,6220790.02,0,324818.69
"173",1412,"Municipalidad de Santiago de Huari",2011-12-31,14292810,30033391.84,21500345.19,21494511.57,19775110.42,5833.62,1719401.15
"174",1413,"Municipalidad de Totora",2011-12-31,8379412,10711398.96,7567693.66,7567693.66,7511849.19,0,55844.47
"175",1414,"Municipalidad de Corque",2011-12-31,12493259,18688901.72,10622737.2,10622737.2,10180779.22,0,441957.98
"176",1415,"Municipalidad de Choque Cota",2011-12-31,2255071,4230332.16,3249120.89,3249120.89,3189586.25,0,59534.64
"177",1416,"Municipalidad de Curahuara de Carangas",2011-12-31,6993018,10405380.69,7527208.19,7527208.19,7344882.82,0,182325.37
"178",1417,"Municipalidad de Turco",2011-12-31,9770517,13444412.32,8136880.98,8136880.98,8068864.39,0,68016.59
"179",1418,"Municipalidad de Huachacalla",2011-12-31,2196385,5694600.44,3033525.84,3033525.84,2743615.95,0,289909.89
"180",1419,"Municipalidad de Escara",2011-12-31,1170312,3028118.63,2299839.49,2299839.49,2282796.52,0,17042.97
"181",1420,"Municipalidad de Cruz de Machacamarca",2011-12-31,1208795,3785047.26,1058652.27,1058652.27,1023036.73,0,35615.54
"182",1421,"Municipalidad de Yunguyo de Litoral",2011-12-31,307094,483547,421448.79,421448.79,410317.63,0,11131.16
"183",1422,"Municipalidad de Esmeralda",2011-12-31,1348980,4062620.15,2878762.17,2878762.17,2842725.75,0,36036.42
"184",1423,"Municipalidad de Toledo",2011-12-31,11875101,23403561.78,15563950.4,15563950.4,14640325.64,0,923624.76
"185",1424,"Municipalidad de Andamarca (Santiago de Andamarca)",2011-12-31,8609685,13204127.95,9548802.19,9507740.28,9239410.75,41061.91,268329.53
"186",1425,"Municipalidad de Belén de Andamarca",2011-12-31,2196260,3476573.45,2343577.62,2343577.62,2310258.86,0,33318.76
"187",1426,"Municipalidad de Salinas de G, Mendoza",2011-12-31,12216758,25446832.57,16693294.99,16693294.99,15872373.11,0,820921.88
"188",1427,"Municipalidad de Pampa Aullagas",2011-12-31,4848948,7788432.12,4022457.67,4022457.67,3681828.79,0,340628.88
"189",1428,"Municipalidad de La Rivera",2011-12-31,1356204,1997050.25,1823619.65,1823619.65,1798191.93,0,25427.72
"190",1429,"Municipalidad de Todos Santos",2011-12-31,531940,844390.29,572828.46,572828.46,548504.17,0,24324.29
"191",1430,"Municipalidad de Carangas",2011-12-31,761679,1512140.7,789196.06,789196.06,725271.77,0,63924.29
"192",1431,"Municipalidad de Sabaya",2011-12-31,7291402,12837902.84,7407196.73,7407196.73,7354545.41,0,52651.32
"193",1432,"Municipalidad de Coipasa",2011-12-31,1015576,3350176,1501187.35,1501187.35,1481235.5,0,19951.85
"194",1433,"Municipalidad de Chipaya",2011-12-31,2477676,4059280.19,1836779.52,1836779.52,1740438.36,0,96341.16
"195",1434,"Municipalidad de Huayllamarca (Santiago de Huayllamarca)",2011-12-31,8530074,14020670.5,10538939.72,10538939.72,10118324.87,0,420614.85
"196",1435,"Municipalidad de Soracachi",2011-12-31,18893518,38338473.25,35716408.09,35716408.09,24090307.86,0,11626100.23
"197",1501,"Municipalidad de Potosí",2011-12-31,204116635,316335939.99,189046152.61,189046152.61,187683934.92,0,1362217.69
"198",1502,"Municipalidad de Tinguipaya",2011-12-31,43858460,52301876,16707122.63,16707122.63,15317848.81,0,1389273.82
"199",1503,"Municipalidad de Yocalla",2011-12-31,10290500,18924617.99,7663617.26,7663137.26,6899802.13,480,763335.13
"200",1504,"Municipalidad de Urmiri",2011-12-31,2045080,6985446.17,2931551.99,2807484.79,2762150.09,124067.2,45334.7
"201",1505,"Municipalidad de Uncía",2011-12-31,22689953,39129468.96,24458742.34,24458742.34,23099590.76,0,1359151.58
"202",1506,"Municipalidad de Chayanta",2011-12-31,16147870,28514138.76,8768615.08,8768615.08,8628463.58,0,140151.5
"203",1507,"Municipalidad de Llallagua",2011-12-31,43302926,85648747.24,45964411.92,45964411.92,43880646.79,0,2083765.13
"204",1508,"Municipalidad de Betanzos",2011-12-31,42234692,54969230.18,38904723.83,38904723.83,37609541.64,0,1295182.19
"205",1509,"Municipalidad de Chaqui",2011-12-31,15838138,24573431.78,13989814.63,13989814.63,13614702.39,0,375112.24
"206",1510,"Municipalidad de Tacobamba",2011-12-31,16199517,37351203.12,10377686.05,10377686.05,9223835.56,0,1153850.49
"207",1511,"Municipalidad de Colquechaca",2011-12-31,118488364,60877580.72,32819309.07,32819309.07,31413036.74,0,1406272.33
"208",1512,"Municipalidad de Ravelo",2011-12-31,27545969,41273164.34,24558348.93,24558348.93,24558348.93,0,0
"209",1513,"Municipalidad de Pocoata",2011-12-31,23599613,41873454.95,21566212.1,21566212.1,21562835.46,0,3376.64
"210",1514,"Municipalidad de Ocurí",2011-12-31,18422133,36505149.85,21880155.91,21880155.91,21835098.06,0,45057.85
"211",1515,"Gobierno Autónomo Municipal de San Pedro de Buena Vista",2011-12-31,29028849,68928731.14,29578526.94,29578526.94,21942631.23,0,7635895.71
"212",1516,"Municipalidad de Toro Toro",2011-12-31,13252122,24425870.38,17794322.9,17794322.9,16548493.55,0,1245829.35
"213",1517,"Municipalidad de Cotagaita",2011-12-31,57073752,65701227.72,26499876.28,26499876.28,25984402.95,0,515473.33
"214",1518,"Municipalidad de Vitichi",2011-12-31,12636923,25777881.04,10966238.25,10966238.25,10430308.95,0,535929.3
"215",1519,"Municipalidad de Tupiza",2011-12-31,44054084,81957292.57,50094323.19,45989392.85,44289929.95,4104930.34,1699462.9
"216",1520,"Municipalidad de Atocha",2011-12-31,19353395,38716862.82,14973223.62,14973223.62,13317421.95,0,1655801.67
"217",1521,"Municipalidad de Colcha""K"" (Villa Martín)",2011-12-31,57518946,132291732,63997684.8,63997684.8,59900363.22,0,4097321.58
"218",1522,"Municipalidad de San Pedro de Quemes",2011-12-31,1456510,5941880.11,2328369.03,2328369.03,2229369.03,0,99000
"219",1523,"Municipalidad de San Pablo de Lípez",2011-12-31,2518489,8157267.69,3379454.06,3379454.06,3282793.03,0,96661.03
"220",1524,"Municipalidad de Mojinete",2011-12-31,950464,5178038.05,1406896.15,1406896.15,1406895.58,0,0.57
"221",1525,"Municipalidad de San Antonio de Esmoruco",2011-12-31,1677786,5388953.42,1960463.45,1960463.45,1960463.45,0,0
"222",1526,"Municipalidad de Sacaca (Villa de Sacaca)",2011-12-31,19890062,45867850,26287615.7,26287615.7,26203534.99,0,84080.71
"223",1527,"Municipalidad de Caripuyo",2011-12-31,10476452,24214409.24,14873996.49,14873996.49,14615388.37,0,258608.12
"224",1528,"Municipalidad de Puna (Villa Talavera)",2011-12-31,36054139,55071320.81,35131407.75,35131407.75,34034291.64,0,1097116.11
"225",1529,"Municipalidad de Caiza ""D""",2011-12-31,12662563,31731831,17037826.56,17037826.56,16425992.25,0,611834.31
"226",1530,"Municipalidad de Uyuni",2011-12-31,26085059,47162126.92,27584203.49,27584203.49,26054918.51,0,1529284.98
"227",1531,"Municipalidad de Tomave",2011-12-31,17397613,37502650.7,10892097.73,10761340.12,9994936.26,130757.61,766403.86
"228",1532,"Municipalidad de Porco",2011-12-31,10551371,28025108.6,7671388.57,7671388.57,7408059.72,0,263328.85
"229",1533,"Municipalidad de Arampampa",2011-12-31,5602883,11058548,9590322.11,9590322.11,6319658.11,0,3270664
"230",1534,"Municipalidad de Acasio",2011-12-31,6656804,12752206.27,5753321.32,5753321.32,5429053.54,0,324267.78
"231",1535,"Municipalidad de Llica",2011-12-31,3532096,10172423.06,3856871.8,3856871.8,3746676.39,0,110195.41
"232",1536,"Municipalidad de Tahua",2011-12-31,2151332,7141105.44,2490761.86,2490761.86,2279843.47,0,210918.39
"233",1537,"Municipalidad de Villazón",2011-12-31,40637812,64927577.29,41758185.33,41758185.33,41142566.46,0,615618.87
"234",1538,"Municipalidad de San Agustín",2011-12-31,1959227,5270812.49,2115168.02,2115168.02,1979683.02,0,135485
"235",1539,"Municipalidad de Ckochas",2011-12-31,18064022,32774244.59,15030464.74,15030464.74,14346643.67,0,683821.07
"236",1540,"Municipalidad de Chuquiuta ""Ayllu Jucumani""",2011-12-31,6501230,10058516.79,7227068.49,7227068.49,6852410.57,0,374657.92
"237",1601,"Municipalidad de Tarija",2011-12-31,430046788,612176254,336737715.58,313591598.62,306601219.77,23146116.96,6990378.85
"238",1602,"Municipalidad de Padcaya",2011-12-31,41477411,62785609,36242894.7,36238930.3,36134852.17,3964.4,104078.13
"239",1603,"Municipalidad de Bermejo",2011-12-31,67394178,132731755,96087956.16,96087956.16,87247992.2,0,8839963.96
"240",1604,"Municipalidad de Yacuiba",2011-12-31,242163882,365874207,247507262.41,245781648.78,221143985.67,1725613.63,24637663.11
"241",1605,"Municipalidad de Caraparí",2011-12-31,125202343,159962605,100530733.38,100528889.38,98911292.52,1844,1617596.86
"242",1606,"Municipalidad de Villamontes",2011-12-31,151403265,192129754,160825570.73,160825570.73,155621602.58,0,5203968.15
"243",1607,"Municipalidad de Uriondo (Concepción)",2011-12-31,29839685,39763639.5,28428607.66,28428607.66,25501328.1,0,2927279.56
"244",1608,"Municipalidad de Yunchara",2011-12-31,29678283,32876862.05,21058250.24,21040235.9,20983711.74,18014.34,56524.16
"245",1609,"Municipalidad de San Lorenzo",2011-12-31,43620003,82003018.47,47128311.86,47112520.66,46276769.66,15791.2,835751
"246",1610,"Municipalidad de El Puente",2011-12-31,27030260,36572906.06,22198270.67,22198270.67,19472866.31,0,2725404.36
"247",1611,"Municipalidad de Entre Ríos",2011-12-31,53587653,80045389.68,65426374.02,65426374.02,64680627.92,0,745746.1
"248",1701,"Municipalidad de Santa Cruz de La Sierra",2011-12-31,1889335468,2291284321.24,1610135736.99,1573439724.7,1552327499.91,36696012.29,21112224.79
"249",1702,"Municipalidad de Cotoca",2011-12-31,49903249,59267033,47203645.14,47203645.14,44925954.1,0,2277691.04
"250",1703,"Municipalidad de Porongo (Ayacucho)",2011-12-31,20071570,32154109,18469168.74,17621172.15,17369032.19,847996.59,252139.96
"251",1704,"Municipalidad de La Guardia",2011-12-31,54595496,82250939.64,66495097.52,66495097.52,64890167.58,0,1604929.94
"252",1705,"Municipalidad de El Torno",2011-12-31,41529579,62918791.32,40064864.28,40064864.28,38696646.14,0,1368218.14
"253",1706,"Municipalidad de Warnes",2011-12-31,67481188,136155517.27,84279182.35,84137313.42,81882850.05,141868.93,2254463.37
"254",1707,"Municipalidad de San Ignacio (San Ignacio de Velasco)",2011-12-31,40301407,54628927,51119105.45,51119105.45,46988219.31,0,4130886.14
"255",1708,"Municipalidad de San Miguel (San Miguel de Velasco)",2011-12-31,14737972,19103523.67,13542865.28,13542865.28,13014184.28,0,528681
"256",1709,"Municipalidad de San Rafael",2011-12-31,5441844,8688561.84,4125252.95,4125252.95,3918237.29,0,207015.66
"257",1710,"Municipalidad de Buena Vista",2011-12-31,12448535,16653076.61,9240408.88,9240408.88,8674474.46,0,565934.42
"258",1711,"Municipalidad de San Carlos",2011-12-31,15036749,27238790.48,18512804.81,18512804.81,18026351.15,0,486453.66
"259",1712,"Municipalidad de Yapacaní",2011-12-31,38620309,54471403,17888264.91,17888264.91,16753290.9,0,1134974.01
"260",1713,"Municipalidad de San José",2011-12-31,28524631,35636033,27970799.38,22044591.05,19825394.85,5926208.33,2219196.2
"261",1714,"Municipalidad de Pailón",2011-12-31,30462972,39092537.95,31689475.52,31643972.58,25978332.05,45502.94,5665640.53
"262",1715,"Municipalidad de Roboré",2011-12-31,13465804,19866895,16728922.58,16728922.58,16292577.14,0,436345.44
"263",1716,"Municipalidad de Portachuelo",2011-12-31,20111992,23314679.79,20815673.75,20815673.75,19476446.44,0,1339227.31
"264",1717,"Municipalidad de Santa Rosa del Sara",2011-12-31,12886279,25581355,16259727.32,16259727.32,16234635.32,0,25092
"265",1718,"Municipalidad de Lagunillas",2011-12-31,9462331,11994758.12,4203263.19,4203263.19,4018290.15,0,184973.04
"266",1719,"Municipalidad de Charagua",2011-12-31,22862050,32971029,26656847.77,26656847.77,23901030.83,0,2755816.94
"267",1720,"Municipalidad de Cabezas",2011-12-31,20529498,31828274,21364699.03,21364676.8,21215610.27,22.23,149066.53
"268",1721,"Municipalidad de Cuevo",2011-12-31,3096050,6283986,4172122.69,4172122.69,4016757.69,0,155365
"269",1722,"Municipalidad de Gutiérrez",2011-12-31,12525898,18245574.12,13356524.03,13356524.03,12740101.71,0,616422.32
"270",1723,"Municipalidad de Camiri",2011-12-31,31364345,43310027.87,40154794.8,40154794.8,39615504.8,0,539290
"271",1724,"Municipalidad de Boyuibe",2011-12-31,3526936,7830120.56,5356211.56,5356211.56,5197284.93,0,158926.63
"272",1725,"Municipalidad de Vallegrande",2011-12-31,20463842,29706045,21534397.1,21534397.1,21178907.56,0,355489.54
"273",1726,"Municipalidad de Trigal",2011-12-31,2275028,2985625.43,2022660.1,2022660.1,1959041.83,0,63618.27
"274",1727,"Municipalidad de Moro Moro",2011-12-31,3131640,6014676.03,4425450.39,4425450.39,4362681.71,0,62768.68
"275",1728,"Municipalidad de Postrer Valle",2011-12-31,2180163,3214058.89,2626691.32,2626691.32,2593887.9,0,32803.42
"276",1729,"Municipalidad de Pucara",2011-12-31,2227389,3852945.26,2318731.29,2318731.29,2316239.62,0,2491.67
"277",1730,"Municipalidad de Samaipata",2011-12-31,7968625,11261230.37,10214998.83,10214998.83,9964163.25,0,250835.58
"278",1731,"Municipalidad de Pampa Grande",2011-12-31,6792236,11305286,7034778.64,7034778.64,6978914.45,0,55864.19
"279",1732,"Municipalidad de Mairana",2011-12-31,6638062,13425228,10755687.14,10755687.14,10288562.86,0,467124.28
"280",1733,"Municipalidad de Quirusillas",2011-12-31,1647153,2492468.87,1607662.72,1607662.72,1582458.72,0,25204
"281",1734,"Municipalidad de Montero",2011-12-31,108731978,173496583.06,137970248.84,135268106.47,121840842.92,2702142.37,13427263.55
"282",1735,"Municipalidad de General Agustín Saavedra",2011-12-31,15967584,23474245.34,17182059.48,17182059.48,17085366.25,0,96693.23
"283",1736,"Municipalidad de Mineros",2011-12-31,17862078,25153972,22761652.98,22761652.98,19615033.02,0,3146619.96
"284",1737,"Municipalidad de Concepción",2011-12-31,21252347,29900162,25442860.08,25442860.08,25333612.33,0,109247.75
"285",1738,"Municipalidad de San Javier",2011-12-31,12964430,17261241,13317057.64,13317057.64,13100244.75,0,216812.89
"286",1739,"Municipalidad de San Julián",2011-12-31,41562588,67386153.24,44981805.54,44981805.54,44967746.96,0,14058.58
"287",1740,"Municipalidad de San Matías",2011-12-31,12016384,28423188.92,19544871.9,19544871.9,18058388.33,0,1486483.57
"288",1741,"Municipalidad de Comarapa",2011-12-31,21376741,25962725.92,21392706.9,21392706.9,20918885.16,0,473821.74
"289",1742,"Municipalidad de Saipina",2011-12-31,19294817,23460053.07,8068935.05,8068935.05,6848155.93,0,1220779.12
"290",1743,"Municipalidad de Puerto Suárez",2011-12-31,15851291,26595682.16,23381084.95,23381084.95,22178640.28,0,1202444.67
"291",1744,"Municipalidad de Puerto Quijarro",2011-12-31,13349108,19993423.98,17047723.07,17047723.07,16635162.13,0,412560.94
"292",1745,"Municipalidad de Ascención de Guarayos",2011-12-31,27860741,32015691.03,18048456.57,18048456.57,17568069.47,0,480387.1
"293",1746,"Municipalidad de Urubicha",2011-12-31,5512936,7288204,5819761.98,5819761.98,5790203.72,0,29558.26
"294",1747,"Municipalidad de El Puente",2011-12-31,9001720,10927107,6391389.19,6391389.19,6190104.51,0,201284.68
"295",1748,"Municipalidad de Okinawa Uno",2011-12-31,25210812,21391416.83,12668116.67,12668116.67,12307188.37,0,360928.3
"296",1749,"Municipalidad de San Antonio de Lomerio",2011-12-31,5159333,7504156,6801241.65,6801241.65,6585345.5,0,215896.15
"297",1750,"Municipalidad de San Ramón",2011-12-31,5487937,8844250.6,6836996.75,5221503.45,5031249.03,1615493.3,190254.42
"298",1751,"Municipalidad de El Carmen Rivero Tórrez",2011-12-31,5705897,8296497.75,5630550.04,5621362.34,4748156.44,9187.7,873205.9
"299",1752,"Municipalidad de San Juan",2011-12-31,9702933,14852422,11181479.37,11181479.37,10995082.3,0,186397.07
"300",1753,"Municipalidad de Fernández Alonso",2011-12-31,9715456,15869246.06,12251890.12,12251890.12,12219957.19,0,31932.93
"301",1754,"Municipalidad de San Pedro",2011-12-31,13688520,26790968,16721900.06,16721900.06,16557701.5,0,164198.56
"302",1755,"Municipalidad de Cuatro Cañadas",2011-12-31,25428030,34087297,28583759.87,28583759.87,28300932.74,0,282827.13
"303",1756,"Municipalidad de Colpa Bélgica",2011-12-31,5979933,11307969.75,9389062.23,9389062.23,9368539.03,0,20523.2
"304",1801,"Municipalidad de Trinidad",2011-12-31,159754765,219533183.1,154792890.23,152792717.96,140177998.89,2000172.27,12614719.07
"305",1802,"Municipalidad de San Javier",2011-12-31,7383507,8672809.15,5842743.8,5842743.8,5499710.03,0,343033.77
"306",1803,"Municipalidad de Riberalta",2011-12-31,120551400,198757166.26,112711474.23,112711474.23,111267930.93,0,1443543.3
"307",1805,"Municipalidad de Puerto Guayaramerín",2011-12-31,59467161,90867074.01,71915267.72,71915267.72,67469613.05,0,4445654.67
"308",1806,"Municipalidad de Reyes",2011-12-31,16858634,22574327,19342427.76,19342427.76,19294785.35,0,47642.41
"309",1807,"Municipalidad de Puerto Rurrenabaque",2011-12-31,21723945,32054482.75,26568964.85,26568964.85,26257388.03,0,311576.82
"310",1808,"Municipalidad de San Borja",2011-12-31,51936578,78646195,71192255.76,66357013.65,63110123.59,4835242.11,3246890.06
"311",1809,"Municipalidad de Santa Rosa",2011-12-31,14999424,22937397.53,21376406.65,21376406.65,20995423.29,0,380983.36
"312",1810,"Municipalidad de Santa Ana",2011-12-31,36359644,54503752.51,42808305.75,42808305.75,40024469.65,0,2783836.1
"313",1811,"Municipalidad de San Ignacio",2011-12-31,28941243,44584839.29,33934274.94,33934274.94,33354642.59,0,579632.35
"314",1812,"Municipalidad de Loreto",2011-12-31,6268148,7755922.97,5760922.94,5760922.94,5708413.39,0,52509.55
"315",1813,"Municipalidad de San Andrés",2011-12-31,17186491,23394107.19,20002890.64,20002890.64,18967013.9,0,1035876.74
"316",1814,"Municipalidad de San Joaquín",2011-12-31,7980410,11850693,9361238.91,9361238.91,8927447.68,0,433791.23
"317",1815,"Municipalidad de San Ramón",2011-12-31,8995976,11282720,10252813.69,10252813.69,9751326.09,0,501487.6
"318",1816,"Municipalidad de Puerto Síles",2011-12-31,1636859,2082435.79,1664647.73,1664647.73,1640251.27,0,24396.46
"319",1817,"Municipalidad de Magdalena",2011-12-31,15825693,25450069.86,21006446.33,21006446.33,20378995.36,0,627450.97
"320",1818,"Municipalidad de Baures",2011-12-31,7463660,10773268.94,10161891.48,10161891.48,9458740.86,0,703150.62
"321",1819,"Municipalidad de Huacaraje",2011-12-31,5357088,6764969,4886967.4,4886967.4,4778459.54,0,108507.86
"322",1820,"Municipalidad de Exaltación",2011-12-31,8548459,18685920,4746270.05,4746270.05,3764716.48,0,981553.57
"323",1901,"Municipalidad de Cobija",2011-12-31,165083290,247531014.12,187606404.99,187536556.88,185647682.61,69848.11,1888874.27
"324",1902,"Municipalidad de Porvenir",2011-12-31,23817359,36993861.61,31165378.56,31165378.56,29285643.61,0,1879734.95
"325",1903,"Municipalidad de Bolpebra",2011-12-31,8728305,12113160,9774407.45,9774407.45,9751597.56,0,22809.89
"326",1904,"Municipalidad de Bella Flor",2011-12-31,15131223,27299104.12,20249280.2,20249280.2,20206792.92,0,42487.28
"327",1905,"Municipalidad de Puerto Rico",2011-12-31,26186865,38277559.65,34124165.91,34124165.91,30250297.15,0,3873868.76
"328",1906,"Municipalidad de San Pedro",2011-12-31,8191982,10651895,9440574.67,9440574.67,7928405.1,0,1512169.57
"329",1907,"Municipalidad de Filadelfia",2011-12-31,22073543,33370113.14,28391858.7,28391858.7,28391858.7,0,0
"330",1908,"Municipalidad de Puerto Gonzalo Moreno",2011-12-31,26712003,41531839.6,37164805.5,37164805.5,36641003.33,0,523802.17
"331",1909,"Municipalidad de San Lorenzo",2011-12-31,24929615,32832816.61,29604273.72,29604273.72,28911102.83,0,693170.89
"332",1910,"Municipalidad de Sena",2011-12-31,16535808,24609246.72,15751784.21,15751784.21,15660137.33,0,91646.88
"333",1911,"Municipalidad de Santa Rosa del Abuná",2011-12-31,14004387,19396720,15173758.07,15173758.07,14973149.97,0,200608.1
"334",1912,"Municipalidad de Ingavi (Humaita)",2011-12-31,7371844,10459818.54,7735138.69,7735138.69,7670785.27,0,64353.42
"335",1913,"Municipalidad de Nueva Esperanza",2011-12-31,4831736,8070400.41,7645195.01,7645195.01,7593419.37,0,51775.64
"336",1914,"Municipalidad de Villa Nueva (Loma Alta)",2011-12-31,7075606,9285669,8322597.24,8322597.24,8234027.4,0,88569.84
"337",1915,"Municipalidad de Santos Mercado",2011-12-31,3572136,5323796.97,4076754.28,4076754.28,3993706.69,0,83047.59
